,count,mean,std,min,25%,50%,75%,max,correlations
age,1025.0,54.43414634146342,9.072290233244278,29.0,48.0,56.0,61.0,77.0,0.21982253466576057
chol,1025.0,246.0,51.59251020618206,126.0,211.0,240.0,275.0,564.0,0.21982253466576057
