,count,mean,std,min,25%,50%,75%,max,correlations
age,1025.0,54.43414634146342,9.072290233244278,29.0,48.0,56.0,61.0,77.0,-0.3902270750315936
thalach,1025.0,149.11414634146342,23.005723745977207,71.0,132.0,152.0,166.0,202.0,-0.3902270750315936
