,count,mean,std,min,25%,50%,75%,max,correlations
Age,583.0,44.74614065180103,16.18983330469438,4.0,33.0,45.0,58.0,90.0,0.01176265141489886
TB,583.0,3.298799313893653,6.209521726180149,0.4,0.8,1.0,2.6,75.0,0.01176265141489886
