,count,mean,std,min,25%,50%,75%,max,correlations
age,1025.0,54.43414634146342,9.072290233244278,29.0,48.0,56.0,61.0,77.0,0.27112140631607556
trestbps,1025.0,131.61170731707318,17.516718005376408,94.0,120.0,130.0,140.0,200.0,0.27112140631607556
