,count,mean,std,min,25%,50%,75%,max,correlations
Sgpt,583.0,80.71355060034305,182.62035603420242,10.0,23.0,35.0,60.5,2000.0,0.7919656848536132
Sgot,583.0,109.91080617495712,288.9185290517341,10.0,25.0,42.0,87.0,4929.0,0.7919656848536132
