,count,mean,std,min,25%,50%,75%,max,correlations
TP,583.0,6.483190394511149,1.0854514840234657,2.7,5.8,6.6,7.2,9.6,0.7840533353871918
ALB,583.0,3.141852487135506,0.7955188059640255,0.9,2.6,3.1,3.8,5.5,0.7840533353871918
